<?xml version="1.0" encoding="UTF-8" ?>
<XMLDB PATH="mod/quiz/accessrule/offlineattempts/db" VERSION="20160410" COMMENT="XMLDB file for Moodle mod/quiz/accessrule/offlineattempts"
    xmlns:xsi="http://www.w3.org/2001/XMLSchema-instance"
    xsi:noNamespaceSchemaLocation="../../../../../lib/xmldb/xmldb.xsd"
>
  <TABLES>
    <TABLE NAME="quizaccess_offlineattempts" COMMENT="Stores the additional setting required by this accessrule">
      <FIELDS>
        <FIELD NAME="id" TYPE="int" LENGTH="10" NOTNULL="true" UNSIGNED="true" SEQUENCE="true"/>
        <FIELD NAME="quizid" TYPE="int" LENGTH="10" NOTNULL="true" UNSIGNED="false" SEQUENCE="false" COMMENT="Foreign key to quiz.id."/>
        <FIELD NAME="allowofflineattempts" TYPE="int" LENGTH="2" NOTNULL="true" UNSIGNED="false" DEFAULT="0" SEQUENCE="false" COMMENT="Boolean, if true, the check is required."/>
      </FIELDS>
      <KEYS>
        <KEY NAME="primary" TYPE="primary" FIELDS="id"/>
        <KEY NAME="quizid" TYPE="foreign-unique" FIELDS="quizid" REFTABLE="quiz" REFFIELDS="id"/>
      </KEYS>
    </TABLE>
    <TABLE NAME="quizaccess_offlineattempts_a" COMMENT="Stores quiz attempt additional information">
      <FIELDS>
        <FIELD NAME="id" TYPE="int" LENGTH="10" NOTNULL="true" UNSIGNED="true" SEQUENCE="true"/>
        <FIELD NAME="attemptid" TYPE="int" LENGTH="10" NOTNULL="true" UNSIGNED="false" SEQUENCE="false" COMMENT="Foreign key to quiz_attempts.id."/>
        <FIELD NAME="timemodifiedoffline" TYPE="int" LENGTH="10" NOTNULL="true" UNSIGNED="false" DEFAULT="0" SEQUENCE="false" COMMENT="Last time the attempt was modified via WS."/>
      </FIELDS>
      <KEYS>
        <KEY NAME="primary" TYPE="primary" FIELDS="id"/>
        <KEY NAME="attemptid" TYPE="foreign-unique" FIELDS="attemptid" REFTABLE="quiz_attempts" REFFIELDS="id"/>
      </KEYS>
    </TABLE>

  </TABLES>
</XMLDB>
