<?xml version="1.0" encoding="UTF-8" ?>
<XMLDB PATH="mod/checklist/db" VERSION="20160427" COMMENT="XMLDB file for Moodle mod/checklist"
    xmlns:xsi="http://www.w3.org/2001/XMLSchema-instance"
    xsi:noNamespaceSchemaLocation="../../../lib/xmldb/xmldb.xsd"
>
  <TABLES>
    <TABLE NAME="checklist" COMMENT="main checklist table">
      <FIELDS>
        <FIELD NAME="id" TYPE="int" LENGTH="10" NOTNULL="true" SEQUENCE="true"/>
        <FIELD NAME="course" TYPE="int" LENGTH="10" NOTNULL="true" DEFAULT="0" SEQUENCE="false"/>
        <FIELD NAME="name" TYPE="char" LENGTH="255" NOTNULL="true" SEQUENCE="false"/>
        <FIELD NAME="intro" TYPE="text" NOTNULL="false" SEQUENCE="false"/>
        <FIELD NAME="introformat" TYPE="int" LENGTH="4" NOTNULL="true" DEFAULT="0" SEQUENCE="false"/>
        <FIELD NAME="timecreated" TYPE="int" LENGTH="10" NOTNULL="true" DEFAULT="0" SEQUENCE="false"/>
        <FIELD NAME="timemodified" TYPE="int" LENGTH="10" NOTNULL="true" DEFAULT="0" SEQUENCE="false"/>
        <FIELD NAME="useritemsallowed" TYPE="int" LENGTH="4" NOTNULL="false" DEFAULT="1" SEQUENCE="false" COMMENT="Whether or not users are allowed to add their own items to the checklist"/>
        <FIELD NAME="teacheredit" TYPE="int" LENGTH="4" NOTNULL="false" DEFAULT="0" SEQUENCE="false" COMMENT="Whether the marking will be done by: 0 - students only (default), 1 - teacher only; 2 - both teacher and student"/>
        <FIELD NAME="theme" TYPE="char" LENGTH="100" NOTNULL="false" DEFAULT="default" SEQUENCE="false" COMMENT="The theme chosen to display the checklist to the users"/>
        <FIELD NAME="duedatesoncalendar" TYPE="int" LENGTH="4" NOTNULL="false" DEFAULT="0" SEQUENCE="false" COMMENT="Add due dates to the course calendar"/>
        <FIELD NAME="teachercomments" TYPE="int" LENGTH="4" NOTNULL="false" DEFAULT="1" SEQUENCE="false" COMMENT="Are teachers allowed to add comments to a user's checklist items?"/>
        <FIELD NAME="maxgrade" TYPE="int" LENGTH="10" NOTNULL="true" DEFAULT="100" SEQUENCE="false"/>
        <FIELD NAME="autopopulate" TYPE="int" LENGTH="4" NOTNULL="false" DEFAULT="0" SEQUENCE="false" COMMENT="Automatically fill in the checklist, based on the modules in the current course"/>
        <FIELD NAME="autoupdate" TYPE="int" LENGTH="4" NOTNULL="false" DEFAULT="1" SEQUENCE="false" COMMENT="Automatically update items that are linked to course modules (tick them off when items are complete)"/>
        <FIELD NAME="completionpercent" TYPE="int" LENGTH="10" NOTNULL="false" DEFAULT="0" SEQUENCE="false" COMMENT="Percentage of items that need to be checked off before the checklist is regarded as complete"/>
        <FIELD NAME="emailoncomplete" TYPE="int" LENGTH="4" NOTNULL="false" DEFAULT="0" SEQUENCE="false" COMMENT="Whether or not to email teachers when a checklist is completed"/>
        <FIELD NAME="lockteachermarks" TYPE="int" LENGTH="4" NOTNULL="false" DEFAULT="0" SEQUENCE="false" COMMENT="If true, then teachers will be unable to change marks after saving a 'yes'"/>
      </FIELDS>
      <KEYS>
        <KEY NAME="primary" TYPE="primary" FIELDS="id"/>
      </KEYS>
      <INDEXES>
        <INDEX NAME="mdl_chec_cou_ix" UNIQUE="false" FIELDS="course"/>
      </INDEXES>
    </TABLE>
    <TABLE NAME="checklist_item" COMMENT="Records the items in the checklist">
      <FIELDS>
        <FIELD NAME="id" TYPE="int" LENGTH="10" NOTNULL="true" SEQUENCE="true"/>
        <FIELD NAME="checklist" TYPE="int" LENGTH="10" NOTNULL="true" DEFAULT="0" SEQUENCE="false"/>
        <FIELD NAME="userid" TYPE="int" LENGTH="10" NOTNULL="true" DEFAULT="0" SEQUENCE="false"/>
        <FIELD NAME="displaytext" TYPE="text" NOTNULL="true" SEQUENCE="false"/>
        <FIELD NAME="position" TYPE="int" LENGTH="10" NOTNULL="true" DEFAULT="0" SEQUENCE="false"/>
        <FIELD NAME="indent" TYPE="int" LENGTH="8" NOTNULL="true" DEFAULT="0" SEQUENCE="false"/>
        <FIELD NAME="itemoptional" TYPE="int" LENGTH="4" NOTNULL="true" DEFAULT="0" SEQUENCE="false"/>
        <FIELD NAME="duetime" TYPE="int" LENGTH="10" NOTNULL="false" DEFAULT="0" SEQUENCE="false" COMMENT="Date/time when this item is due to be completed"/>
        <FIELD NAME="eventid" TYPE="int" LENGTH="10" NOTNULL="false" DEFAULT="0" SEQUENCE="false" COMMENT="id of the calendar event (if any) associated with this item"/>
        <FIELD NAME="colour" TYPE="char" LENGTH="15" NOTNULL="true" DEFAULT="black" SEQUENCE="false"/>
        <FIELD NAME="moduleid" TYPE="int" LENGTH="10" NOTNULL="false" DEFAULT="0" SEQUENCE="false" COMMENT="id of the course module (if any) associated with this item"/>
        <FIELD NAME="hidden" TYPE="int" LENGTH="4" NOTNULL="true" DEFAULT="0" SEQUENCE="false" COMMENT="Whether or not the item should be hidden from students"/>
        <FIELD NAME="grouping" TYPE="int" LENGTH="10" NOTNULL="false" DEFAULT="0" SEQUENCE="false" COMMENT="Grouping that the item's module belongs to"/>
        <FIELD NAME="linkcourseid" TYPE="int" LENGTH="10" NOTNULL="false" SEQUENCE="false" COMMENT="The ID of the course that this item is linked to"/>
        <FIELD NAME="linkurl" TYPE="text" NOTNULL="false" SEQUENCE="false" COMMENT="An arbitrary URL that this item is linked to"/>
      </FIELDS>
      <KEYS>
        <KEY NAME="primary" TYPE="primary" FIELDS="id"/>
        <KEY NAME="linkcourseid" TYPE="foreign" FIELDS="linkcourseid" REFTABLE="course" REFFIELDS="id"/>
      </KEYS>
      <INDEXES>
        <INDEX NAME="userid" UNIQUE="false" FIELDS="userid"/>
        <INDEX NAME="checklist" UNIQUE="false" FIELDS="checklist"/>
        <INDEX NAME="item_module" UNIQUE="false" FIELDS="moduleid"/>
      </INDEXES>
    </TABLE>
    <TABLE NAME="checklist_check" COMMENT="Records when items where checked off">
      <FIELDS>
        <FIELD NAME="id" TYPE="int" LENGTH="10" NOTNULL="true" SEQUENCE="true"/>
        <FIELD NAME="item" TYPE="int" LENGTH="10" NOTNULL="true" DEFAULT="0" SEQUENCE="false"/>
        <FIELD NAME="userid" TYPE="int" LENGTH="10" NOTNULL="true" DEFAULT="0" SEQUENCE="false" COMMENT="The user that checked this item"/>
        <FIELD NAME="usertimestamp" TYPE="int" LENGTH="10" NOTNULL="true" DEFAULT="0" SEQUENCE="false"/>
        <FIELD NAME="teachermark" TYPE="int" LENGTH="4" NOTNULL="true" DEFAULT="0" SEQUENCE="false"/>
        <FIELD NAME="teachertimestamp" TYPE="int" LENGTH="10" NOTNULL="true" DEFAULT="0" SEQUENCE="false"/>
        <FIELD NAME="teacherid" TYPE="int" LENGTH="10" NOTNULL="false" SEQUENCE="false" COMMENT="The userid of the teacher who updated this checkmark"/>
      </FIELDS>
      <KEYS>
        <KEY NAME="primary" TYPE="primary" FIELDS="id"/>
      </KEYS>
      <INDEXES>
        <INDEX NAME="item" UNIQUE="false" FIELDS="item"/>
        <INDEX NAME="userid" UNIQUE="false" FIELDS="userid"/>
      </INDEXES>
    </TABLE>
    <TABLE NAME="checklist_comment" COMMENT="A comment, added by a teacher, to an item on a user's checklist">
      <FIELDS>
        <FIELD NAME="id" TYPE="int" LENGTH="10" NOTNULL="true" SEQUENCE="true"/>
        <FIELD NAME="itemid" TYPE="int" LENGTH="10" NOTNULL="true" DEFAULT="0" SEQUENCE="false" COMMENT="The id of the item this comment is attached to"/>
        <FIELD NAME="userid" TYPE="int" LENGTH="10" NOTNULL="true" DEFAULT="0" SEQUENCE="false" COMMENT="The id of the user on whose checklist this comment has been added"/>
        <FIELD NAME="commentby" TYPE="int" LENGTH="10" NOTNULL="false" DEFAULT="0" SEQUENCE="false" COMMENT="The userid of the teacher who has added the comment"/>
        <FIELD NAME="text" TYPE="text" NOTNULL="false" SEQUENCE="false" COMMENT="The text of the comment, as added by the teacher"/>
      </FIELDS>
      <KEYS>
        <KEY NAME="primary" TYPE="primary" FIELDS="id"/>
      </KEYS>
      <INDEXES>
        <INDEX NAME="checklist_item_user" UNIQUE="true" FIELDS="itemid, userid" COMMENT="Will usually want to find the comment by both itemid and userid"/>
      </INDEXES>
    </TABLE>
  </TABLES>
</XMLDB>