<?xml version="1.0" encoding="UTF-8" ?>
<XMLDB PATH="question/type/pmatchjme/db" VERSION="20111209" COMMENT="XMLDB file for Moodle question/type/pmatchjme"
    xmlns:xsi="http://www.w3.org/2001/XMLSchema-instance"
    xsi:noNamespaceSchemaLocation="../../../../lib/xmldb/xmldb.xsd"
>
  <TABLES>
    <TABLE NAME="qtype_pmatchjme_answers" COMMENT="Extra answer data for pmatchjme question type">
      <FIELDS>
        <FIELD NAME="id" TYPE="int" LENGTH="10" NOTNULL="true" UNSIGNED="true" SEQUENCE="true" NEXT="atomcount"/>
        <FIELD NAME="atomcount" TYPE="int" LENGTH="4" NOTNULL="true" UNSIGNED="true" DEFAULT="0" SEQUENCE="false" PREVIOUS="id" NEXT="answerid"/>
        <FIELD NAME="answerid" TYPE="int" LENGTH="10" NOTNULL="true" UNSIGNED="true" DEFAULT="0" SEQUENCE="false" PREVIOUS="atomcount"/>
      </FIELDS>
      <KEYS>
        <KEY NAME="primary" TYPE="primary" FIELDS="id" NEXT="answerid_fk"/>
        <KEY NAME="answerid_fk" TYPE="foreign-unique" FIELDS="answerid" REFTABLE="question_answers" REFFIELDS="id" PREVIOUS="primary"/>
      </KEYS>
    </TABLE>
  </TABLES>
</XMLDB>