<?xml version="1.0" encoding="UTF-8" ?>
<XMLDB PATH="mod/quiz/accessrule/plagiarismcheckbox/db" VERSION="20111003" COMMENT="XMLDB file for Moodle mod/quiz/accessrule/plagiarismcheckbox"
    xmlns:xsi="http://www.w3.org/2001/XMLSchema-instance"
    xsi:noNamespaceSchemaLocation="../../../../../lib/xmldb/xmldb.xsd"
>
  <TABLES>
    <TABLE NAME="quizaccess_honestycheck" COMMENT="Stores the additional setting required by this accessrule">
      <FIELDS>
        <FIELD NAME="id" TYPE="int" LENGTH="10" NOTNULL="true" UNSIGNED="true" SEQUENCE="true" NEXT="quizid"/>
        <FIELD NAME="quizid" TYPE="int" LENGTH="10" NOTNULL="true" UNSIGNED="false" SEQUENCE="false" COMMENT="Foreign key to quiz.id." PREVIOUS="id" NEXT="honestycheckrequired"/>
        <FIELD NAME="honestycheckrequired" TYPE="int" LENGTH="2" NOTNULL="true" UNSIGNED="false" DEFAULT="0" SEQUENCE="false" COMMENT="Boolean, if true, the check is required." PREVIOUS="quizid"/>
      </FIELDS>
      <KEYS>
        <KEY NAME="primary" TYPE="primary" FIELDS="id" NEXT="quizid"/>
        <KEY NAME="quizid" TYPE="foreign-unique" FIELDS="quizid" REFTABLE="quiz" REFFIELDS="id" PREVIOUS="primary"/>
      </KEYS>
    </TABLE>
  </TABLES>
</XMLDB>
