<?xml version="1.0" encoding="UTF-8"?>
<quiz>
<!-- question: 0  -->
  <question type="category">
    <category>
        <text>Default for scratch/Input sample questions</text>

    </category>
  </question>

<!-- question: 28  -->
  <question type="stack">
    <name>
      <text>Algebraic input</text>
    </name>
    <questiontext format="html">
      <text><![CDATA[<p>Type in {@ta@}.<br></p><p>[[input:ans1]]</p><div>[[validation:ans1]]</div>]]></text>
    </questiontext>
    <generalfeedback format="html">
      <text></text>
    </generalfeedback>
    <defaultgrade>1.0000000</defaultgrade>
    <penalty>0.1000000</penalty>
    <hidden>0</hidden>
    <questionvariables>
      <text>ta:a*b</text>
    </questionvariables>
    <specificfeedback format="html">
      <text>[[feedback:prt1]]</text>
    </specificfeedback>
    <questionnote>
      <text></text>
    </questionnote>
    <questionsimplify>1</questionsimplify>
    <assumepositive>0</assumepositive>
    <assumereal>0</assumereal>
    <prtcorrect format="html">
      <text>Correct answer, well done.</text>
    </prtcorrect>
    <prtpartiallycorrect format="html">
      <text>Your answer is partially correct.</text>
    </prtpartiallycorrect>
    <prtincorrect format="html">
      <text>Incorrect answer.</text>
    </prtincorrect>
    <multiplicationsign>dot</multiplicationsign>
    <sqrtsign>1</sqrtsign>
    <complexno>i</complexno>
    <inversetrig>cos-1</inversetrig>
    <matrixparens>[</matrixparens>
    <variantsselectionseed></variantsselectionseed>
    <input>
      <name>ans1</name>
      <type>algebraic</type>
      <tans>ta</tans>
      <boxsize>15</boxsize>
      <strictsyntax>1</strictsyntax>
      <insertstars>2</insertstars>
      <syntaxhint></syntaxhint>
      <syntaxattribute>0</syntaxattribute>
      <forbidwords>solve</forbidwords>
      <allowwords></allowwords>
      <forbidfloat>1</forbidfloat>
      <requirelowestterms>0</requirelowestterms>
      <checkanswertype>1</checkanswertype>
      <mustverify>1</mustverify>
      <showvalidation>1</showvalidation>
      <options></options>
    </input>
    <prt>
      <name>prt1</name>
      <value>1.0000000</value>
      <autosimplify>1</autosimplify>
      <feedbackvariables>
        <text></text>
      </feedbackvariables>
      <node>
        <name>0</name>
        <answertest>AlgEquiv</answertest>
        <sans>ans1</sans>
        <tans>ta</tans>
        <testoptions></testoptions>
        <quiet>0</quiet>
        <truescoremode>=</truescoremode>
        <truescore>1.0000000</truescore>
        <truepenalty></truepenalty>
        <truenextnode>-1</truenextnode>
        <trueanswernote>prt1-1-T</trueanswernote>
        <truefeedback format="html">
          <text></text>
        </truefeedback>
        <falsescoremode>=</falsescoremode>
        <falsescore>0.0000000</falsescore>
        <falsepenalty></falsepenalty>
        <falsenextnode>-1</falsenextnode>
        <falseanswernote>prt1-1-F</falseanswernote>
        <falsefeedback format="html">
          <text></text>
        </falsefeedback>
      </node>
    </prt>
  </question>

<!-- question: 29  -->
  <question type="stack">
    <name>
      <text>Algebraic input (answer box sizes test)</text>
    </name>
    <questiontext format="html">
      <text><![CDATA[<p>This question just tests answer boxes of multiple sizes.</p><p>[[input:ans1]] [[validation:ans1]]</p><p>[[input:ans2]] [[validation:ans2]]</p><p>[[input:ans3]] [[validation:ans3]]</p><p>[[input:ans4]] [[validation:ans4]]</p><p>[[input:ans5]] [[validation:ans5]]</p><p>[[input:ans7]] [[validation:ans7]]</p><p>[[input:ans10]] [[validation:ans10]]</p><p>[[input:ans15]] [[validation:ans15]]</p><p>[[input:ans20]] [[validation:ans20]]</p><p><br></p><p><br></p><p><br></p><p><br></p><p><br></p><p><br></p><p><br></p>]]></text>
    </questiontext>
    <generalfeedback format="html">
      <text></text>
    </generalfeedback>
    <defaultgrade>1.0000000</defaultgrade>
    <penalty>0.1000000</penalty>
    <hidden>0</hidden>
    <questionvariables>
      <text></text>
    </questionvariables>
    <specificfeedback format="html">
      <text>[[feedback:prt1]]</text>
    </specificfeedback>
    <questionnote>
      <text></text>
    </questionnote>
    <questionsimplify>1</questionsimplify>
    <assumepositive>0</assumepositive>
    <assumereal>0</assumereal>
    <prtcorrect format="html">
      <text>Correct answer, well done.</text>
    </prtcorrect>
    <prtpartiallycorrect format="html">
      <text>Your answer is partially correct.</text>
    </prtpartiallycorrect>
    <prtincorrect format="html">
      <text>Incorrect answer.</text>
    </prtincorrect>
    <multiplicationsign>dot</multiplicationsign>
    <sqrtsign>1</sqrtsign>
    <complexno>i</complexno>
    <inversetrig>cos-1</inversetrig>
    <matrixparens>[</matrixparens>
    <variantsselectionseed></variantsselectionseed>
    <input>
      <name>ans1</name>
      <type>algebraic</type>
      <tans>2</tans>
      <boxsize>1</boxsize>
      <strictsyntax>1</strictsyntax>
      <insertstars>0</insertstars>
      <syntaxhint>2</syntaxhint>
      <syntaxattribute>0</syntaxattribute>
      <forbidwords></forbidwords>
      <allowwords></allowwords>
      <forbidfloat>1</forbidfloat>
      <requirelowestterms>0</requirelowestterms>
      <checkanswertype>0</checkanswertype>
      <mustverify>1</mustverify>
      <showvalidation>1</showvalidation>
      <options></options>
    </input>
    <input>
      <name>ans10</name>
      <type>algebraic</type>
      <tans>2</tans>
      <boxsize>10</boxsize>
      <strictsyntax>1</strictsyntax>
      <insertstars>0</insertstars>
      <syntaxhint>2222222222</syntaxhint>
      <syntaxattribute>0</syntaxattribute>
      <forbidwords></forbidwords>
      <allowwords></allowwords>
      <forbidfloat>1</forbidfloat>
      <requirelowestterms>0</requirelowestterms>
      <checkanswertype>0</checkanswertype>
      <mustverify>1</mustverify>
      <showvalidation>1</showvalidation>
      <options></options>
    </input>
    <input>
      <name>ans15</name>
      <type>algebraic</type>
      <tans>2</tans>
      <boxsize>15</boxsize>
      <strictsyntax>1</strictsyntax>
      <insertstars>0</insertstars>
      <syntaxhint>222222222222222</syntaxhint>
      <syntaxattribute>0</syntaxattribute>
      <forbidwords></forbidwords>
      <allowwords></allowwords>
      <forbidfloat>1</forbidfloat>
      <requirelowestterms>0</requirelowestterms>
      <checkanswertype>0</checkanswertype>
      <mustverify>1</mustverify>
      <showvalidation>1</showvalidation>
      <options></options>
    </input>
    <input>
      <name>ans2</name>
      <type>algebraic</type>
      <tans>2</tans>
      <boxsize>2</boxsize>
      <strictsyntax>1</strictsyntax>
      <insertstars>0</insertstars>
      <syntaxhint>22</syntaxhint>
      <syntaxattribute>0</syntaxattribute>
      <forbidwords></forbidwords>
      <allowwords></allowwords>
      <forbidfloat>1</forbidfloat>
      <requirelowestterms>0</requirelowestterms>
      <checkanswertype>0</checkanswertype>
      <mustverify>1</mustverify>
      <showvalidation>1</showvalidation>
      <options></options>
    </input>
    <input>
      <name>ans20</name>
      <type>algebraic</type>
      <tans>2</tans>
      <boxsize>20</boxsize>
      <strictsyntax>1</strictsyntax>
      <insertstars>0</insertstars>
      <syntaxhint>12345123451234512345</syntaxhint>
      <syntaxattribute>0</syntaxattribute>
      <forbidwords></forbidwords>
      <allowwords></allowwords>
      <forbidfloat>1</forbidfloat>
      <requirelowestterms>0</requirelowestterms>
      <checkanswertype>0</checkanswertype>
      <mustverify>1</mustverify>
      <showvalidation>1</showvalidation>
      <options></options>
    </input>
    <input>
      <name>ans3</name>
      <type>algebraic</type>
      <tans>2</tans>
      <boxsize>3</boxsize>
      <strictsyntax>1</strictsyntax>
      <insertstars>0</insertstars>
      <syntaxhint>222</syntaxhint>
      <syntaxattribute>0</syntaxattribute>
      <forbidwords></forbidwords>
      <allowwords></allowwords>
      <forbidfloat>1</forbidfloat>
      <requirelowestterms>0</requirelowestterms>
      <checkanswertype>0</checkanswertype>
      <mustverify>1</mustverify>
      <showvalidation>1</showvalidation>
      <options></options>
    </input>
    <input>
      <name>ans4</name>
      <type>algebraic</type>
      <tans>2</tans>
      <boxsize>4</boxsize>
      <strictsyntax>1</strictsyntax>
      <insertstars>0</insertstars>
      <syntaxhint>2222</syntaxhint>
      <syntaxattribute>0</syntaxattribute>
      <forbidwords></forbidwords>
      <allowwords></allowwords>
      <forbidfloat>1</forbidfloat>
      <requirelowestterms>0</requirelowestterms>
      <checkanswertype>0</checkanswertype>
      <mustverify>1</mustverify>
      <showvalidation>1</showvalidation>
      <options></options>
    </input>
    <input>
      <name>ans5</name>
      <type>algebraic</type>
      <tans>2</tans>
      <boxsize>5</boxsize>
      <strictsyntax>1</strictsyntax>
      <insertstars>0</insertstars>
      <syntaxhint>22222</syntaxhint>
      <syntaxattribute>0</syntaxattribute>
      <forbidwords></forbidwords>
      <allowwords></allowwords>
      <forbidfloat>1</forbidfloat>
      <requirelowestterms>0</requirelowestterms>
      <checkanswertype>0</checkanswertype>
      <mustverify>1</mustverify>
      <showvalidation>1</showvalidation>
      <options></options>
    </input>
    <input>
      <name>ans7</name>
      <type>algebraic</type>
      <tans>2</tans>
      <boxsize>5</boxsize>
      <strictsyntax>1</strictsyntax>
      <insertstars>0</insertstars>
      <syntaxhint>2222222</syntaxhint>
      <syntaxattribute>0</syntaxattribute>
      <forbidwords></forbidwords>
      <allowwords></allowwords>
      <forbidfloat>1</forbidfloat>
      <requirelowestterms>0</requirelowestterms>
      <checkanswertype>0</checkanswertype>
      <mustverify>1</mustverify>
      <showvalidation>1</showvalidation>
      <options></options>
    </input>
    <prt>
      <name>prt1</name>
      <value>1.0000000</value>
      <autosimplify>1</autosimplify>
      <feedbackvariables>
        <text></text>
      </feedbackvariables>
      <node>
        <name>0</name>
        <answertest>AlgEquiv</answertest>
        <sans>ans1</sans>
        <tans>2</tans>
        <testoptions></testoptions>
        <quiet>0</quiet>
        <truescoremode>=</truescoremode>
        <truescore>1.0000000</truescore>
        <truepenalty></truepenalty>
        <truenextnode>-1</truenextnode>
        <trueanswernote>prt1-1-T</trueanswernote>
        <truefeedback format="html">
          <text><![CDATA[<p>This just takes account of the first answer box!</p>]]></text>
        </truefeedback>
        <falsescoremode>=</falsescoremode>
        <falsescore>0.0000000</falsescore>
        <falsepenalty></falsepenalty>
        <falsenextnode>-1</falsenextnode>
        <falseanswernote>prt1-1-F</falseanswernote>
        <falsefeedback format="html">
          <text><![CDATA[<p>This just takes account of the first answer box!<br></p>]]></text>
        </falsefeedback>
      </node>
    </prt>
  </question>

<!-- question: 30  -->
  <question type="stack">
    <name>
      <text>Checkbox</text>
    </name>
    <questiontext format="html">
      <text><![CDATA[<p>Differentiate {@p@} with respect to \(x\).</p><p>[[input:ans1]]</p><div>[[validation:ans1]]</div>]]></text>
    </questiontext>
    <generalfeedback format="html">
      <text></text>
    </generalfeedback>
    <defaultgrade>1.0000000</defaultgrade>
    <penalty>0.1000000</penalty>
    <hidden>0</hidden>
    <questionvariables>
      <text><![CDATA[/* Create a list of potential answers. */
p:sin(2*x);
ta:[[diff(p,x),true],[p,false],[int(p,x),false],[cos(2*x)+c,false]];
/* The actual correct answer.    */
tac:diff(p,x)
/* Add in a "None of these" to the end of the list.  The Maxima value is the atom null. */
tao:[null, false, "None of these"];
ta:append(ta,[tao]);]]></text>
    </questionvariables>
    <specificfeedback format="html">
      <text>[[feedback:prt1]]</text>
    </specificfeedback>
    <questionnote>
      <text></text>
    </questionnote>
    <questionsimplify>1</questionsimplify>
    <assumepositive>0</assumepositive>
    <assumereal>0</assumereal>
    <prtcorrect format="html">
      <text>Correct answer, well done.</text>
    </prtcorrect>
    <prtpartiallycorrect format="html">
      <text>Your answer is partially correct.</text>
    </prtpartiallycorrect>
    <prtincorrect format="html">
      <text>Incorrect answer.</text>
    </prtincorrect>
    <multiplicationsign>dot</multiplicationsign>
    <sqrtsign>1</sqrtsign>
    <complexno>i</complexno>
    <inversetrig>cos-1</inversetrig>
    <matrixparens>[</matrixparens>
    <variantsselectionseed></variantsselectionseed>
    <input>
      <name>ans1</name>
      <type>checkbox</type>
      <tans>ta</tans>
      <boxsize>15</boxsize>
      <strictsyntax>1</strictsyntax>
      <insertstars>0</insertstars>
      <syntaxhint></syntaxhint>
      <syntaxattribute>0</syntaxattribute>
      <forbidwords></forbidwords>
      <allowwords></allowwords>
      <forbidfloat>1</forbidfloat>
      <requirelowestterms>0</requirelowestterms>
      <checkanswertype>0</checkanswertype>
      <mustverify>1</mustverify>
      <showvalidation>2</showvalidation>
      <options></options>
    </input>
    <prt>
      <name>prt1</name>
      <value>1.0000000</value>
      <autosimplify>1</autosimplify>
      <feedbackvariables>
        <text></text>
      </feedbackvariables>
      <node>
        <name>0</name>
        <answertest>Diff</answertest>
        <sans>first(ans1)</sans>
        <tans>diff(p,x)</tans>
        <testoptions>x</testoptions>
        <quiet>0</quiet>
        <truescoremode>=</truescoremode>
        <truescore>1.0000000</truescore>
        <truepenalty></truepenalty>
        <truenextnode>-1</truenextnode>
        <trueanswernote>prt1-1-T</trueanswernote>
        <truefeedback format="html">
          <text></text>
        </truefeedback>
        <falsescoremode>=</falsescoremode>
        <falsescore>0.0000000</falsescore>
        <falsepenalty></falsepenalty>
        <falsenextnode>-1</falsenextnode>
        <falseanswernote>prt1-1-F</falseanswernote>
        <falsefeedback format="html">
          <text></text>
        </falsefeedback>
      </node>
    </prt>
  </question>

<!-- question: 24  -->
  <question type="stack">
    <name>
      <text>Checkbox: display strings.</text>
    </name>
    <questiontext format="html">
      <text><![CDATA[Which method do you need to integrate {@p@} with respect to \(x\)?&nbsp;<p>[[input:ans1]] [[validation:ans1]]<span style="color: rgb(51, 51, 51); font-family: 'Helvetica Neue', Helvetica, Arial, sans-serif; font-size: 14px; font-style: normal; font-variant: normal; font-weight: normal; letter-spacing: normal; line-height: 20px; orphans: auto; text-align: left; text-indent: 0px; text-transform: none; white-space: normal; widows: 1; word-spacing: 0px; -webkit-text-stroke-width: 0px; display: inline !important; float: none; background-color: rgb(255, 255, 255);">[[feedback:prt1]]</span></p><p>Find the value of this integral: [[input:ans2]] [[validation:ans2]]&nbsp;<span style="color: rgb(51, 51, 51); font-family: 'Helvetica Neue', Helvetica, Arial, sans-serif; font-size: 14px; font-style: normal; font-variant: normal; font-weight: normal; letter-spacing: normal; line-height: 20px; orphans: auto; text-align: left; text-indent: 0px; text-transform: none; white-space: normal; widows: 1; word-spacing: 0px; -webkit-text-stroke-width: 0px; display: inline !important; float: none; background-color: rgb(255, 255, 255);">[[feedback:prt2]]</span></p>]]></text>
    </questiontext>
    <generalfeedback format="html">
      <text><![CDATA[<p>(a) Let \(u=\sin(t)\) so that \(u'=\cos(t)\).  Hence
\[ \int u \frac{\mathrm{d}u}{\mathrm{d}t} \mathrm{d}t = \int u \mathrm{d}u = \frac{1}{2}u^2+c = \frac{1}{2} \sin^2(t)+c.\]</p>
<p>(b) Integrating by parts, let \(I=\int \sin(t)\cos(t)\mathrm{d}t\), then \[ I = \sin^2(t) - \int\cos(t)\sin(t)\mathrm{d}t + c'\] hence \( 2I = \sin^2(t) +c'\), or \[ \int \sin(t)\cos(t)\mathrm{d}t = \frac{1}{2}\sin^2(t)+\frac{c'}{2}.\]</p>
<p>(c) Using \(\cos(t)\sin(t)=\frac{1}{2}\sin(2t)\) we have
\[ \int \sin(t)\cos(t)\mathrm{d}t
 = \int \frac{1}{2}\sin(2t)\mathrm{d}t
\]
\[ = -\frac{1}{4}\cos(2t)+c''
 = \frac{1}{2} \sin^2(t)-\frac{1}{2}+c'',
\]
using \(\cos(2t) = 1-2\sin^2(t)\).&nbsp;</p>
<p>(d) Complex exponentials can be used directly in place of the trigonometrical formula.
\[\int \cos(\theta)\sin(\theta) \mathrm{d}\theta
 = \int \frac{1}{2}\left( e^{i\theta}+e^{-i\theta} \right)
\frac{1}{2i}\left( e^{i\theta}-e^{-i\theta} \right)
\mathrm{d}\theta\\
 = \frac{1}{4i} \int e^{2i\theta}-e^{-2i\theta} \mathrm{d}\theta
 = -\frac{1}{8}\left( e^{i2\theta}+e^{-i2\theta} \right) +c'''.
\]
It is standard practice to rewrite the answer in the form given in the statement of the question, we should transform this using \[ \cos(\theta) = \frac{1}{2}\left( e^{i\theta}+e^{-i\theta} \right)\] back into a final answer of
\( -\frac{1}{4}\cos(2\theta)+c'''\).</p>]]></text>
    </generalfeedback>
    <defaultgrade>1.0000000</defaultgrade>
    <penalty>0.1000000</penalty>
    <hidden>0</hidden>
    <questionvariables>
      <text><![CDATA[p:sin(x)*cos(x);
ta1:[[a,true,"(a) trig substitutions first"],[b,true,"(b) parts"],[c,true,"(c) substitution"],[d,true,"(d) replace with complex exponentials"],[e,false,"(e) none of these methods"]]
ta2:int(sin(x)*cos(x),x)]]></text>
    </questionvariables>
    <specificfeedback format="html">
      <text></text>
    </specificfeedback>
    <questionnote>
      <text></text>
    </questionnote>
    <questionsimplify>1</questionsimplify>
    <assumepositive>0</assumepositive>
    <assumereal>0</assumereal>
    <prtcorrect format="html">
      <text>Correct answer, well done.</text>
    </prtcorrect>
    <prtpartiallycorrect format="html">
      <text>Your answer is partially correct.</text>
    </prtpartiallycorrect>
    <prtincorrect format="html">
      <text>Incorrect answer.</text>
    </prtincorrect>
    <multiplicationsign>dot</multiplicationsign>
    <sqrtsign>1</sqrtsign>
    <complexno>i</complexno>
    <inversetrig>cos-1</inversetrig>
    <matrixparens>[</matrixparens>
    <variantsselectionseed></variantsselectionseed>
    <input>
      <name>ans1</name>
      <type>checkbox</type>
      <tans>ta1</tans>
      <boxsize>15</boxsize>
      <strictsyntax>1</strictsyntax>
      <insertstars>0</insertstars>
      <syntaxhint></syntaxhint>
      <syntaxattribute>0</syntaxattribute>
      <forbidwords></forbidwords>
      <allowwords></allowwords>
      <forbidfloat>1</forbidfloat>
      <requirelowestterms>0</requirelowestterms>
      <checkanswertype>0</checkanswertype>
      <mustverify>0</mustverify>
      <showvalidation>2</showvalidation>
      <options></options>
    </input>
    <input>
      <name>ans2</name>
      <type>algebraic</type>
      <tans>ta2</tans>
      <boxsize>15</boxsize>
      <strictsyntax>1</strictsyntax>
      <insertstars>0</insertstars>
      <syntaxhint></syntaxhint>
      <syntaxattribute>0</syntaxattribute>
      <forbidwords></forbidwords>
      <allowwords></allowwords>
      <forbidfloat>1</forbidfloat>
      <requirelowestterms>0</requirelowestterms>
      <checkanswertype>0</checkanswertype>
      <mustverify>1</mustverify>
      <showvalidation>1</showvalidation>
      <options></options>
    </input>
    <prt>
      <name>prt1</name>
      <value>1.0000000</value>
      <autosimplify>1</autosimplify>
      <feedbackvariables>
        <text></text>
      </feedbackvariables>
      <node>
        <name>0</name>
        <answertest>AlgEquiv</answertest>
        <sans>member(e,ans1)</sans>
        <tans>true</tans>
        <testoptions></testoptions>
        <quiet>1</quiet>
        <truescoremode>=</truescoremode>
        <truescore>0.0000000</truescore>
        <truepenalty></truepenalty>
        <truenextnode>-1</truenextnode>
        <trueanswernote>prt1-1-T</trueanswernote>
        <truefeedback format="html">
          <text>At least one of these options can work. Indeed, any of these methods work.</text>
        </truefeedback>
        <falsescoremode>=</falsescoremode>
        <falsescore>0.0000000</falsescore>
        <falsepenalty></falsepenalty>
        <falsenextnode>1</falsenextnode>
        <falseanswernote>prt1-1-F</falseanswernote>
        <falsefeedback format="html">
          <text></text>
        </falsefeedback>
      </node>
      <node>
        <name>1</name>
        <answertest>AlgEquiv</answertest>
        <sans>setify(ans1)</sans>
        <tans>{a,b,c,d}</tans>
        <testoptions></testoptions>
        <quiet>0</quiet>
        <truescoremode>=</truescoremode>
        <truescore>1.0000000</truescore>
        <truepenalty></truepenalty>
        <truenextnode>-1</truenextnode>
        <trueanswernote>prt1-2-T</trueanswernote>
        <truefeedback format="html">
          <text></text>
        </truefeedback>
        <falsescoremode>=</falsescoremode>
        <falsescore>0.5000000</falsescore>
        <falsepenalty></falsepenalty>
        <falsenextnode>-1</falsenextnode>
        <falseanswernote>prt1-2-F</falseanswernote>
        <falsefeedback format="html">
          <text><![CDATA[<p>Actually, any of these methods can be made to work.</p>]]></text>
        </falsefeedback>
      </node>
    </prt>
    <prt>
      <name>prt2</name>
      <value>1.0000000</value>
      <autosimplify>1</autosimplify>
      <feedbackvariables>
        <text></text>
      </feedbackvariables>
      <node>
        <name>0</name>
        <answertest>Int</answertest>
        <sans>ans2</sans>
        <tans>ta2</tans>
        <testoptions>x</testoptions>
        <quiet>0</quiet>
        <truescoremode>=</truescoremode>
        <truescore>1.0000000</truescore>
        <truepenalty></truepenalty>
        <truenextnode>-1</truenextnode>
        <trueanswernote>prt2-1-T</trueanswernote>
        <truefeedback format="html">
          <text></text>
        </truefeedback>
        <falsescoremode>=</falsescoremode>
        <falsescore>0.0000000</falsescore>
        <falsepenalty></falsepenalty>
        <falsenextnode>-1</falsenextnode>
        <falseanswernote>prt2-1-F</falseanswernote>
        <falsefeedback format="html">
          <text></text>
        </falsefeedback>
      </node>
    </prt>
    <qtest>
      <testcase>1</testcase>
      <testinput>
        <name>ans1</name>
        <value>[a,b,c,d]</value>
      </testinput>
      <testinput>
        <name>ans2</name>
        <value>ta2+c</value>
      </testinput>
      <expected>
        <name>prt1</name>
        <expectedscore>1.0000000</expectedscore>
        <expectedpenalty>0.0000000</expectedpenalty>
        <expectedanswernote>prt1-2-T</expectedanswernote>
      </expected>
      <expected>
        <name>prt2</name>
        <expectedscore>1.0000000</expectedscore>
        <expectedpenalty>0.0000000</expectedpenalty>
        <expectedanswernote>prt2-1-T</expectedanswernote>
      </expected>
    </qtest>
    <qtest>
      <testcase>2</testcase>
      <testinput>
        <name>ans1</name>
        <value>[e]</value>
      </testinput>
      <testinput>
        <name>ans2</name>
        <value></value>
      </testinput>
      <expected>
        <name>prt1</name>
        <expectedscore>0.0000000</expectedscore>
        <expectedpenalty>0.1000000</expectedpenalty>
        <expectedanswernote>prt1-1-T</expectedanswernote>
      </expected>
      <expected>
        <name>prt2</name>
        <expectedscore></expectedscore>
        <expectedpenalty></expectedpenalty>
        <expectedanswernote>NULL</expectedanswernote>
      </expected>
    </qtest>
  </question>

<!-- question: 31  -->
  <question type="stack">
    <name>
      <text>Dropdown (shuffle)</text>
    </name>
    <questiontext format="html">
      <text><![CDATA[<p>Differentiate {@p@} with respect to \(x\).</p><p>[[input:ans1]]</p><div>[[validation:ans1]]</div>]]></text>
    </questiontext>
    <generalfeedback format="html">
      <text></text>
    </generalfeedback>
    <defaultgrade>1.0000000</defaultgrade>
    <penalty>0.1000000</penalty>
    <hidden>0</hidden>
    <questionvariables>
      <text><![CDATA[/* Create a list of potential answers. */
p:sin(2*x);
ta:[[diff(p,x),true],[p,false],[int(p,x),false],[cos(2*x)+c,false]];
/* The actual correct answer.    */
tac:diff(p,x)
/* Randomly shuffle the list "ta". */
ta:random_permutation(ta);
/* Add in a "None of these" to the end of the list.  The Maxima value is the atom null. */
tao:[null, false, "None of these"];
ta:append(ta,[tao]);]]></text>
    </questionvariables>
    <specificfeedback format="html">
      <text>[[feedback:prt1]]</text>
    </specificfeedback>
    <questionnote>
      <text>{@ta@}</text>
    </questionnote>
    <questionsimplify>1</questionsimplify>
    <assumepositive>0</assumepositive>
    <assumereal>0</assumereal>
    <prtcorrect format="html">
      <text>Correct answer, well done.</text>
    </prtcorrect>
    <prtpartiallycorrect format="html">
      <text>Your answer is partially correct.</text>
    </prtpartiallycorrect>
    <prtincorrect format="html">
      <text>Incorrect answer.</text>
    </prtincorrect>
    <multiplicationsign>dot</multiplicationsign>
    <sqrtsign>1</sqrtsign>
    <complexno>i</complexno>
    <inversetrig>cos-1</inversetrig>
    <matrixparens>[</matrixparens>
    <variantsselectionseed></variantsselectionseed>
    <input>
      <name>ans1</name>
      <type>dropdown</type>
      <tans>ta</tans>
      <boxsize>15</boxsize>
      <strictsyntax>1</strictsyntax>
      <insertstars>0</insertstars>
      <syntaxhint></syntaxhint>
      <syntaxattribute>0</syntaxattribute>
      <forbidwords></forbidwords>
      <allowwords></allowwords>
      <forbidfloat>1</forbidfloat>
      <requirelowestterms>0</requirelowestterms>
      <checkanswertype>0</checkanswertype>
      <mustverify>1</mustverify>
      <showvalidation>2</showvalidation>
      <options></options>
    </input>
    <prt>
      <name>prt1</name>
      <value>1.0000000</value>
      <autosimplify>1</autosimplify>
      <feedbackvariables>
        <text></text>
      </feedbackvariables>
      <node>
        <name>0</name>
        <answertest>Diff</answertest>
        <sans>first(ans1)</sans>
        <tans>diff(p,x)</tans>
        <testoptions>x</testoptions>
        <quiet>0</quiet>
        <truescoremode>=</truescoremode>
        <truescore>1.0000000</truescore>
        <truepenalty></truepenalty>
        <truenextnode>-1</truenextnode>
        <trueanswernote>prt1-1-T</trueanswernote>
        <truefeedback format="html">
          <text></text>
        </truefeedback>
        <falsescoremode>=</falsescoremode>
        <falsescore>0.0000000</falsescore>
        <falsepenalty></falsepenalty>
        <falsenextnode>-1</falsenextnode>
        <falseanswernote>prt1-1-F</falseanswernote>
        <falsefeedback format="html">
          <text></text>
        </falsefeedback>
      </node>
    </prt>
  </question>

<!-- question: 32  -->
  <question type="stack">
    <name>
      <text>Equiv input test</text>
    </name>
    <questiontext format="html">
      <text><![CDATA[<p>Solve {@p@}.<br></p><p>[[input:ans1]]</p><div>[[validation:ans1]]</div>]]></text>
    </questiontext>
    <generalfeedback format="html">
      <text><![CDATA[<p>sangwinc<br></p>]]></text>
    </generalfeedback>
    <defaultgrade>1.0000000</defaultgrade>
    <penalty>0.1000000</penalty>
    <hidden>0</hidden>
    <questionvariables>
      <text>v:x
p:3*v+7=4
ta:[p,x=(4-7)/3,x=-1]</text>
    </questionvariables>
    <specificfeedback format="html">
      <text>[[feedback:prt1]]</text>
    </specificfeedback>
    <questionnote>
      <text></text>
    </questionnote>
    <questionsimplify>1</questionsimplify>
    <assumepositive>0</assumepositive>
    <assumereal>0</assumereal>
    <prtcorrect format="html">
      <text>Correct answer, well done.</text>
    </prtcorrect>
    <prtpartiallycorrect format="html">
      <text>Your answer is partially correct.</text>
    </prtpartiallycorrect>
    <prtincorrect format="html">
      <text>Incorrect answer.</text>
    </prtincorrect>
    <multiplicationsign>dot</multiplicationsign>
    <sqrtsign>1</sqrtsign>
    <complexno>i</complexno>
    <inversetrig>cos-1</inversetrig>
    <matrixparens>[</matrixparens>
    <variantsselectionseed></variantsselectionseed>
    <input>
      <name>ans1</name>
      <type>equiv</type>
      <tans>ta</tans>
      <boxsize>15</boxsize>
      <strictsyntax>1</strictsyntax>
      <insertstars>5</insertstars>
      <syntaxhint>firstline</syntaxhint>
      <syntaxattribute>0</syntaxattribute>
      <forbidwords></forbidwords>
      <allowwords></allowwords>
      <forbidfloat>1</forbidfloat>
      <requirelowestterms>0</requirelowestterms>
      <checkanswertype>1</checkanswertype>
      <mustverify>1</mustverify>
      <showvalidation>1</showvalidation>
      <options></options>
    </input>
    <prt>
      <name>prt1</name>
      <value>1.0000000</value>
      <autosimplify>1</autosimplify>
      <feedbackvariables>
        <text></text>
      </feedbackvariables>
      <node>
        <name>0</name>
        <answertest>AlgEquiv</answertest>
        <sans>last(ans1)</sans>
        <tans>last(ta)</tans>
        <testoptions></testoptions>
        <quiet>0</quiet>
        <truescoremode>=</truescoremode>
        <truescore>1.0000000</truescore>
        <truepenalty></truepenalty>
        <truenextnode>-1</truenextnode>
        <trueanswernote>prt1-1-T</trueanswernote>
        <truefeedback format="html">
          <text></text>
        </truefeedback>
        <falsescoremode>=</falsescoremode>
        <falsescore>0.0000000</falsescore>
        <falsepenalty></falsepenalty>
        <falsenextnode>-1</falsenextnode>
        <falseanswernote>prt1-1-F</falseanswernote>
        <falsefeedback format="html">
          <text></text>
        </falsefeedback>
      </node>
    </prt>
  </question>

<!-- question: 33  -->
  <question type="stack">
    <name>
      <text>Matrix</text>
    </name>
    <questiontext format="html">
      <text><![CDATA[<p>Type in {@M@}<br></p><p>[[input:ans1]]</p><div>[[validation:ans1]]</div>]]></text>
    </questiontext>
    <generalfeedback format="html">
      <text></text>
    </generalfeedback>
    <defaultgrade>1.0000000</defaultgrade>
    <penalty>0.1000000</penalty>
    <hidden>0</hidden>
    <questionvariables>
      <text>M:matrix([1,2],[3,4])</text>
    </questionvariables>
    <specificfeedback format="html">
      <text>[[feedback:prt1]]</text>
    </specificfeedback>
    <questionnote>
      <text></text>
    </questionnote>
    <questionsimplify>1</questionsimplify>
    <assumepositive>0</assumepositive>
    <assumereal>0</assumereal>
    <prtcorrect format="html">
      <text>Correct answer, well done.</text>
    </prtcorrect>
    <prtpartiallycorrect format="html">
      <text>Your answer is partially correct.</text>
    </prtpartiallycorrect>
    <prtincorrect format="html">
      <text>Incorrect answer.</text>
    </prtincorrect>
    <multiplicationsign>dot</multiplicationsign>
    <sqrtsign>1</sqrtsign>
    <complexno>i</complexno>
    <inversetrig>cos-1</inversetrig>
    <matrixparens>[</matrixparens>
    <variantsselectionseed></variantsselectionseed>
    <input>
      <name>ans1</name>
      <type>matrix</type>
      <tans>M</tans>
      <boxsize>15</boxsize>
      <strictsyntax>1</strictsyntax>
      <insertstars>0</insertstars>
      <syntaxhint></syntaxhint>
      <syntaxattribute>0</syntaxattribute>
      <forbidwords></forbidwords>
      <allowwords></allowwords>
      <forbidfloat>1</forbidfloat>
      <requirelowestterms>0</requirelowestterms>
      <checkanswertype>1</checkanswertype>
      <mustverify>1</mustverify>
      <showvalidation>1</showvalidation>
      <options></options>
    </input>
    <prt>
      <name>prt1</name>
      <value>1.0000000</value>
      <autosimplify>1</autosimplify>
      <feedbackvariables>
        <text></text>
      </feedbackvariables>
      <node>
        <name>0</name>
        <answertest>AlgEquiv</answertest>
        <sans>ans1</sans>
        <tans>M</tans>
        <testoptions></testoptions>
        <quiet>0</quiet>
        <truescoremode>=</truescoremode>
        <truescore>1.0000000</truescore>
        <truepenalty></truepenalty>
        <truenextnode>-1</truenextnode>
        <trueanswernote>prt1-1-T</trueanswernote>
        <truefeedback format="html">
          <text></text>
        </truefeedback>
        <falsescoremode>=</falsescoremode>
        <falsescore>0.0000000</falsescore>
        <falsepenalty></falsepenalty>
        <falsenextnode>-1</falsenextnode>
        <falseanswernote>prt1-1-F</falseanswernote>
        <falsefeedback format="html">
          <text></text>
        </falsefeedback>
      </node>
    </prt>
  </question>

<!-- question: 35  -->
  <question type="stack">
    <name>
      <text>Multi-part-MCQ-algebraic</text>
    </name>
    <questiontext format="html">
      <text><![CDATA[Which method do you need to integrate {@p@} with respect to \(x\)?&nbsp;<p>[[input:ans1]] [[validation:ans1]]<span style="color: rgb(51, 51, 51); font-family: 'Helvetica Neue', Helvetica, Arial, sans-serif; font-size: 14px; font-style: normal; font-variant: normal; font-weight: normal; letter-spacing: normal; line-height: 20px; orphans: auto; text-align: left; text-indent: 0px; text-transform: none; white-space: normal; widows: 1; word-spacing: 0px; -webkit-text-stroke-width: 0px; display: inline !important; float: none; background-color: rgb(255, 255, 255);">[[feedback:prt1]]</span></p><p>Find the value of this integral: [[input:ans2]] [[validation:ans2]]&nbsp;<span style="color: rgb(51, 51, 51); font-family: 'Helvetica Neue', Helvetica, Arial, sans-serif; font-size: 14px; font-style: normal; font-variant: normal; font-weight: normal; letter-spacing: normal; line-height: 20px; orphans: auto; text-align: left; text-indent: 0px; text-transform: none; white-space: normal; widows: 1; word-spacing: 0px; -webkit-text-stroke-width: 0px; display: inline !important; float: none; background-color: rgb(255, 255, 255);">[[feedback:prt2]]</span></p>]]></text>
    </questiontext>
    <generalfeedback format="html">
      <text><![CDATA[<p>(a) Let \(u=\sin(t)\) so that \(u'=\cos(t)\).  Hence
\[ \int u \frac{\mathrm{d}u}{\mathrm{d}t} \mathrm{d}t = \int u \mathrm{d}u = \frac{1}{2}u^2+c = \frac{1}{2} \sin^2(t)+c.\]</p>
<p>(b) Integrating by parts, let \(I=\int \sin(t)\cos(t)\mathrm{d}t\), then \[ I = \sin^2(t) - \int\cos(t)\sin(t)\mathrm{d}t + c'\] hence \( 2I = \sin^2(t) +c'\), or \[ \int \sin(t)\cos(t)\mathrm{d}t = \frac{1}{2}\sin^2(t)+\frac{c'}{2}.\]</p>
<p>(c) Using \(\cos(t)\sin(t)=\frac{1}{2}\sin(2t)\) we have
\[ \int \sin(t)\cos(t)\mathrm{d}t
 = \int \frac{1}{2}\sin(2t)\mathrm{d}t
\]
\[ = -\frac{1}{4}\cos(2t)+c''
 = \frac{1}{2} \sin^2(t)-\frac{1}{2}+c'',
\]
using \(\cos(2t) = 1-2\sin^2(t)\).&nbsp;</p>
<p>(d) Complex exponentials can be used directly in place of the trigonometrical formula.
\[\int \cos(\theta)\sin(\theta) \mathrm{d}\theta
 = \int \frac{1}{2}\left( e^{i\theta}+e^{-i\theta} \right)
\frac{1}{2i}\left( e^{i\theta}-e^{-i\theta} \right)
\mathrm{d}\theta\\
 = \frac{1}{4i} \int e^{2i\theta}-e^{-2i\theta} \mathrm{d}\theta
 = -\frac{1}{8}\left( e^{i2\theta}+e^{-i2\theta} \right) +c'''.
\]
It is standard practice to rewrite the answer in the form given in the statement of the question, we should transform this using \[ \cos(\theta) = \frac{1}{2}\left( e^{i\theta}+e^{-i\theta} \right)\] back into a final answer of
\( -\frac{1}{4}\cos(2\theta)+c'''\).</p>]]></text>
    </generalfeedback>
    <defaultgrade>1.0000000</defaultgrade>
    <penalty>0.1000000</penalty>
    <hidden>0</hidden>
    <questionvariables>
      <text><![CDATA[p:sin(x)*cos(x);
ta1:[[a,true,"(a) trig substitutions first"],[b,true,"(b) parts"],[c,true,"(c) substitution"],[d,true,"(d) replace with complex exponentials"],[e,false,"(e) none of these methods"]]
ta2:int(sin(x)*cos(x),x)]]></text>
    </questionvariables>
    <specificfeedback format="html">
      <text></text>
    </specificfeedback>
    <questionnote>
      <text></text>
    </questionnote>
    <questionsimplify>1</questionsimplify>
    <assumepositive>0</assumepositive>
    <assumereal>0</assumereal>
    <prtcorrect format="html">
      <text>Correct answer, well done.</text>
    </prtcorrect>
    <prtpartiallycorrect format="html">
      <text>Your answer is partially correct.</text>
    </prtpartiallycorrect>
    <prtincorrect format="html">
      <text>Incorrect answer.</text>
    </prtincorrect>
    <multiplicationsign>dot</multiplicationsign>
    <sqrtsign>1</sqrtsign>
    <complexno>i</complexno>
    <inversetrig>cos-1</inversetrig>
    <matrixparens>[</matrixparens>
    <variantsselectionseed></variantsselectionseed>
    <input>
      <name>ans1</name>
      <type>checkbox</type>
      <tans>ta1</tans>
      <boxsize>15</boxsize>
      <strictsyntax>1</strictsyntax>
      <insertstars>0</insertstars>
      <syntaxhint></syntaxhint>
      <syntaxattribute>0</syntaxattribute>
      <forbidwords></forbidwords>
      <allowwords></allowwords>
      <forbidfloat>1</forbidfloat>
      <requirelowestterms>0</requirelowestterms>
      <checkanswertype>0</checkanswertype>
      <mustverify>0</mustverify>
      <showvalidation>2</showvalidation>
      <options></options>
    </input>
    <input>
      <name>ans2</name>
      <type>algebraic</type>
      <tans>ta2</tans>
      <boxsize>15</boxsize>
      <strictsyntax>1</strictsyntax>
      <insertstars>0</insertstars>
      <syntaxhint></syntaxhint>
      <syntaxattribute>0</syntaxattribute>
      <forbidwords></forbidwords>
      <allowwords></allowwords>
      <forbidfloat>1</forbidfloat>
      <requirelowestterms>0</requirelowestterms>
      <checkanswertype>0</checkanswertype>
      <mustverify>1</mustverify>
      <showvalidation>1</showvalidation>
      <options></options>
    </input>
    <prt>
      <name>prt1</name>
      <value>1.0000000</value>
      <autosimplify>1</autosimplify>
      <feedbackvariables>
        <text></text>
      </feedbackvariables>
      <node>
        <name>0</name>
        <answertest>AlgEquiv</answertest>
        <sans>member(e,ans1)</sans>
        <tans>true</tans>
        <testoptions></testoptions>
        <quiet>1</quiet>
        <truescoremode>=</truescoremode>
        <truescore>0.0000000</truescore>
        <truepenalty></truepenalty>
        <truenextnode>-1</truenextnode>
        <trueanswernote>prt1-1-T</trueanswernote>
        <truefeedback format="html">
          <text>At least one of these options can work. Indeed, any of these methods work.</text>
        </truefeedback>
        <falsescoremode>=</falsescoremode>
        <falsescore>0.0000000</falsescore>
        <falsepenalty></falsepenalty>
        <falsenextnode>1</falsenextnode>
        <falseanswernote>prt1-1-F</falseanswernote>
        <falsefeedback format="html">
          <text></text>
        </falsefeedback>
      </node>
      <node>
        <name>1</name>
        <answertest>AlgEquiv</answertest>
        <sans>setify(ans1)</sans>
        <tans>{a,b,c,d}</tans>
        <testoptions></testoptions>
        <quiet>0</quiet>
        <truescoremode>=</truescoremode>
        <truescore>1.0000000</truescore>
        <truepenalty></truepenalty>
        <truenextnode>-1</truenextnode>
        <trueanswernote>prt1-2-T</trueanswernote>
        <truefeedback format="html">
          <text></text>
        </truefeedback>
        <falsescoremode>=</falsescoremode>
        <falsescore>0.5000000</falsescore>
        <falsepenalty></falsepenalty>
        <falsenextnode>-1</falsenextnode>
        <falseanswernote>prt1-2-F</falseanswernote>
        <falsefeedback format="html">
          <text><![CDATA[<p>Actually, any of these methods can be made to work.</p>]]></text>
        </falsefeedback>
      </node>
    </prt>
    <prt>
      <name>prt2</name>
      <value>1.0000000</value>
      <autosimplify>1</autosimplify>
      <feedbackvariables>
        <text></text>
      </feedbackvariables>
      <node>
        <name>0</name>
        <answertest>Int</answertest>
        <sans>ans2</sans>
        <tans>ta2</tans>
        <testoptions>x</testoptions>
        <quiet>0</quiet>
        <truescoremode>=</truescoremode>
        <truescore>1.0000000</truescore>
        <truepenalty></truepenalty>
        <truenextnode>-1</truenextnode>
        <trueanswernote>prt2-1-T</trueanswernote>
        <truefeedback format="html">
          <text></text>
        </truefeedback>
        <falsescoremode>=</falsescoremode>
        <falsescore>0.0000000</falsescore>
        <falsepenalty></falsepenalty>
        <falsenextnode>-1</falsenextnode>
        <falseanswernote>prt2-1-F</falseanswernote>
        <falsefeedback format="html">
          <text></text>
        </falsefeedback>
      </node>
    </prt>
    <qtest>
      <testcase>1</testcase>
      <testinput>
        <name>ans1</name>
        <value>[a,b,c,d]</value>
      </testinput>
      <testinput>
        <name>ans2</name>
        <value>ta2+c</value>
      </testinput>
      <expected>
        <name>prt1</name>
        <expectedscore>1.0000000</expectedscore>
        <expectedpenalty>0.0000000</expectedpenalty>
        <expectedanswernote>prt1-2-T</expectedanswernote>
      </expected>
      <expected>
        <name>prt2</name>
        <expectedscore>1.0000000</expectedscore>
        <expectedpenalty>0.0000000</expectedpenalty>
        <expectedanswernote>prt2-1-T</expectedanswernote>
      </expected>
    </qtest>
    <qtest>
      <testcase>2</testcase>
      <testinput>
        <name>ans1</name>
        <value>[e]</value>
      </testinput>
      <testinput>
        <name>ans2</name>
        <value></value>
      </testinput>
      <expected>
        <name>prt1</name>
        <expectedscore>0.0000000</expectedscore>
        <expectedpenalty>0.1000000</expectedpenalty>
        <expectedanswernote>prt1-1-T</expectedanswernote>
      </expected>
      <expected>
        <name>prt2</name>
        <expectedscore></expectedscore>
        <expectedpenalty></expectedpenalty>
        <expectedanswernote>NULL</expectedanswernote>
      </expected>
    </qtest>
  </question>

<!-- question: 36  -->
  <question type="stack">
    <name>
      <text>Notes</text>
    </name>
    <questiontext format="html">
      <text><![CDATA[<p>Prove that \[ p(x) = \sum_{n=1}^\infty \frac{1}{n^x} =0\] has solutions if and only if the real part of \(x\) equals \(1/2\). Show your working in this box!<br></p><p>[[input:ans1]] [[validation:ans1]]</p><p>(The above input is a "notes" type which does not validate or automatically assess the contents. It simply allows a student to enter text.)</p>]]></text>
    </questiontext>
    <generalfeedback format="html">
      <text></text>
    </generalfeedback>
    <defaultgrade>1.0000000</defaultgrade>
    <penalty>0.1000000</penalty>
    <hidden>0</hidden>
    <questionvariables>
      <text></text>
    </questionvariables>
    <specificfeedback format="html">
      <text>[[feedback:prt1]]</text>
    </specificfeedback>
    <questionnote>
      <text></text>
    </questionnote>
    <questionsimplify>1</questionsimplify>
    <assumepositive>0</assumepositive>
    <assumereal>0</assumereal>
    <prtcorrect format="html">
      <text>Correct answer, well done.</text>
    </prtcorrect>
    <prtpartiallycorrect format="html">
      <text>Your answer is partially correct.</text>
    </prtpartiallycorrect>
    <prtincorrect format="html">
      <text>Incorrect answer.</text>
    </prtincorrect>
    <multiplicationsign>dot</multiplicationsign>
    <sqrtsign>1</sqrtsign>
    <complexno>i</complexno>
    <inversetrig>cos-1</inversetrig>
    <matrixparens>[</matrixparens>
    <variantsselectionseed></variantsselectionseed>
    <input>
      <name>ans1</name>
      <type>notes</type>
      <tans>true</tans>
      <boxsize>15</boxsize>
      <strictsyntax>1</strictsyntax>
      <insertstars>0</insertstars>
      <syntaxhint></syntaxhint>
      <syntaxattribute>0</syntaxattribute>
      <forbidwords></forbidwords>
      <allowwords></allowwords>
      <forbidfloat>1</forbidfloat>
      <requirelowestterms>0</requirelowestterms>
      <checkanswertype>0</checkanswertype>
      <mustverify>1</mustverify>
      <showvalidation>1</showvalidation>
      <options></options>
    </input>
    <prt>
      <name>prt1</name>
      <value>1.0000000</value>
      <autosimplify>1</autosimplify>
      <feedbackvariables>
        <text></text>
      </feedbackvariables>
      <node>
        <name>0</name>
        <answertest>AlgEquiv</answertest>
        <sans>ans1</sans>
        <tans>true</tans>
        <testoptions></testoptions>
        <quiet>0</quiet>
        <truescoremode>=</truescoremode>
        <truescore>1.0000000</truescore>
        <truepenalty></truepenalty>
        <truenextnode>-1</truenextnode>
        <trueanswernote>prt1-1-T</trueanswernote>
        <truefeedback format="html">
          <text></text>
        </truefeedback>
        <falsescoremode>=</falsescoremode>
        <falsescore>0.0000000</falsescore>
        <falsepenalty></falsepenalty>
        <falsenextnode>-1</falsenextnode>
        <falseanswernote>prt1-1-F</falseanswernote>
        <falsefeedback format="html">
          <text></text>
        </falsefeedback>
      </node>
    </prt>
  </question>

<!-- question: 26  -->
  <question type="stack">
    <name>
      <text>Radio (casstring)</text>
    </name>
    <questiontext format="html">
      <text><![CDATA[<p>Differentiate {@p@} with respect to {@x@}.&nbsp;</p><p>[[input:ans1]]</p><div>[[validation:ans1]]</div>]]></text>
    </questiontext>
    <generalfeedback format="html">
      <text></text>
    </generalfeedback>
    <defaultgrade>1.0000000</defaultgrade>
    <penalty>0.3000000</penalty>
    <hidden>0</hidden>
    <questionvariables>
      <text><![CDATA[/* Create a list of potential answers. */
p:sin(2*x);
ta:[[diff(p,x),true],[p,false],[int(p,x),false],[cos(2*x)+c,false]];
/* The actual correct answer.    */
tac:diff(p,x)
/* Randomly shuffle the list "ta". */
ta:random_permutation(ta);
/* Add in a "None of these" to the end of the list.  The Maxima value is the atom null. */
tao:[null, false, "None of these"];
ta:append(ta,[tao]);]]></text>
    </questionvariables>
    <specificfeedback format="html">
      <text>[[feedback:prt1]]</text>
    </specificfeedback>
    <questionnote>
      <text>{@maplist(first,ta)@}.  Correct answer is {@tac@}.</text>
    </questionnote>
    <questionsimplify>1</questionsimplify>
    <assumepositive>0</assumepositive>
    <assumereal>0</assumereal>
    <prtcorrect format="html">
      <text>Correct answer, well done.</text>
    </prtcorrect>
    <prtpartiallycorrect format="html">
      <text>Your answer is partially correct.</text>
    </prtpartiallycorrect>
    <prtincorrect format="html">
      <text>Incorrect answer.</text>
    </prtincorrect>
    <multiplicationsign>dot</multiplicationsign>
    <sqrtsign>1</sqrtsign>
    <complexno>i</complexno>
    <inversetrig>cos-1</inversetrig>
    <matrixparens>[</matrixparens>
    <variantsselectionseed></variantsselectionseed>
    <input>
      <name>ans1</name>
      <type>radio</type>
      <tans>ta</tans>
      <boxsize>15</boxsize>
      <strictsyntax>1</strictsyntax>
      <insertstars>0</insertstars>
      <syntaxhint></syntaxhint>
      <syntaxattribute>0</syntaxattribute>
      <forbidwords></forbidwords>
      <allowwords></allowwords>
      <forbidfloat>1</forbidfloat>
      <requirelowestterms>0</requirelowestterms>
      <checkanswertype>0</checkanswertype>
      <mustverify>0</mustverify>
      <showvalidation>0</showvalidation>
      <options>casstring</options>
    </input>
    <prt>
      <name>prt1</name>
      <value>1.0000000</value>
      <autosimplify>1</autosimplify>
      <feedbackvariables>
        <text></text>
      </feedbackvariables>
      <node>
        <name>0</name>
        <answertest>Diff</answertest>
        <sans>ans1</sans>
        <tans>diff(p,x)</tans>
        <testoptions>x</testoptions>
        <quiet>0</quiet>
        <truescoremode>=</truescoremode>
        <truescore>1.0000000</truescore>
        <truepenalty></truepenalty>
        <truenextnode>-1</truenextnode>
        <trueanswernote>prt1-1-T</trueanswernote>
        <truefeedback format="html">
          <text></text>
        </truefeedback>
        <falsescoremode>=</falsescoremode>
        <falsescore>0.0000000</falsescore>
        <falsepenalty></falsepenalty>
        <falsenextnode>-1</falsenextnode>
        <falseanswernote>prt1-1-F</falseanswernote>
        <falsefeedback format="html">
          <text></text>
        </falsefeedback>
      </node>
    </prt>
    <qtest>
      <testcase>1</testcase>
      <testinput>
        <name>ans1</name>
        <value>2*cos(2*x)</value>
      </testinput>
      <expected>
        <name>prt1</name>
        <expectedscore>1.0000000</expectedscore>
        <expectedpenalty>0.0000000</expectedpenalty>
        <expectedanswernote>prt1-1-T</expectedanswernote>
      </expected>
    </qtest>
    <qtest>
      <testcase>2</testcase>
      <testinput>
        <name>ans1</name>
        <value>cos(2*x)+c</value>
      </testinput>
      <expected>
        <name>prt1</name>
        <expectedscore>0.0000000</expectedscore>
        <expectedpenalty>0.3000000</expectedpenalty>
        <expectedanswernote>prt1-1-F</expectedanswernote>
      </expected>
    </qtest>
  </question>

<!-- question: 27  -->
  <question type="stack">
    <name>
      <text>Radio (shuffle)</text>
    </name>
    <questiontext format="html">
      <text><![CDATA[<p>Differentiate {@p@} with respect to {@x@}.&nbsp;</p><p>[[input:ans1]]</p><div>[[validation:ans1]]</div>]]></text>
    </questiontext>
    <generalfeedback format="html">
      <text></text>
    </generalfeedback>
    <defaultgrade>1.0000000</defaultgrade>
    <penalty>0.3000000</penalty>
    <hidden>0</hidden>
    <questionvariables>
      <text><![CDATA[/* Create a list of potential answers. */
p:sin(2*x);
ta:[[diff(p,x),true],[p,false],[int(p,x),false],[cos(2*x)+c,false]];
/* The actual correct answer.    */
tac:diff(p,x)
/* Randomly shuffle the list "ta". */
ta:random_permutation(ta);
/* Add in a "None of these" to the end of the list.  The Maxima value is the atom null. */
tao:[null, false, "None of these"];
ta:append(ta,[tao]);]]></text>
    </questionvariables>
    <specificfeedback format="html">
      <text>[[feedback:prt1]]</text>
    </specificfeedback>
    <questionnote>
      <text>{@maplist(first,ta)@}.  Correct answer is {@tac@}.</text>
    </questionnote>
    <questionsimplify>1</questionsimplify>
    <assumepositive>0</assumepositive>
    <assumereal>0</assumereal>
    <prtcorrect format="html">
      <text>Correct answer, well done.</text>
    </prtcorrect>
    <prtpartiallycorrect format="html">
      <text>Your answer is partially correct.</text>
    </prtpartiallycorrect>
    <prtincorrect format="html">
      <text>Incorrect answer.</text>
    </prtincorrect>
    <multiplicationsign>dot</multiplicationsign>
    <sqrtsign>1</sqrtsign>
    <complexno>i</complexno>
    <inversetrig>cos-1</inversetrig>
    <matrixparens>[</matrixparens>
    <variantsselectionseed></variantsselectionseed>
    <input>
      <name>ans1</name>
      <type>radio</type>
      <tans>ta</tans>
      <boxsize>15</boxsize>
      <strictsyntax>1</strictsyntax>
      <insertstars>0</insertstars>
      <syntaxhint></syntaxhint>
      <syntaxattribute>0</syntaxattribute>
      <forbidwords></forbidwords>
      <allowwords></allowwords>
      <forbidfloat>1</forbidfloat>
      <requirelowestterms>0</requirelowestterms>
      <checkanswertype>0</checkanswertype>
      <mustverify>0</mustverify>
      <showvalidation>0</showvalidation>
      <options>latex</options>
    </input>
    <prt>
      <name>prt1</name>
      <value>1.0000000</value>
      <autosimplify>1</autosimplify>
      <feedbackvariables>
        <text></text>
      </feedbackvariables>
      <node>
        <name>0</name>
        <answertest>Diff</answertest>
        <sans>ans1</sans>
        <tans>diff(p,x)</tans>
        <testoptions>x</testoptions>
        <quiet>0</quiet>
        <truescoremode>=</truescoremode>
        <truescore>1.0000000</truescore>
        <truepenalty></truepenalty>
        <truenextnode>-1</truenextnode>
        <trueanswernote>prt1-1-T</trueanswernote>
        <truefeedback format="html">
          <text></text>
        </truefeedback>
        <falsescoremode>=</falsescoremode>
        <falsescore>0.0000000</falsescore>
        <falsepenalty></falsepenalty>
        <falsenextnode>-1</falsenextnode>
        <falseanswernote>prt1-1-F</falseanswernote>
        <falsefeedback format="html">
          <text></text>
        </falsefeedback>
      </node>
    </prt>
    <qtest>
      <testcase>1</testcase>
      <testinput>
        <name>ans1</name>
        <value>2*cos(2*x)</value>
      </testinput>
      <expected>
        <name>prt1</name>
        <expectedscore>1.0000000</expectedscore>
        <expectedpenalty>0.0000000</expectedpenalty>
        <expectedanswernote>prt1-1-T</expectedanswernote>
      </expected>
    </qtest>
    <qtest>
      <testcase>2</testcase>
      <testinput>
        <name>ans1</name>
        <value>cos(2*x)+c</value>
      </testinput>
      <expected>
        <name>prt1</name>
        <expectedscore>0.0000000</expectedscore>
        <expectedpenalty>0.3000000</expectedpenalty>
        <expectedanswernote>prt1-1-F</expectedanswernote>
      </expected>
    </qtest>
  </question>

<!-- question: 38  -->
  <question type="stack">
    <name>
      <text>Single char</text>
    </name>
    <questiontext format="html">
      <text><![CDATA[<p>Type in \(x\)<br></p><p>[[input:ans1]]</p><div>[[validation:ans1]]</div>]]></text>
    </questiontext>
    <generalfeedback format="html">
      <text></text>
    </generalfeedback>
    <defaultgrade>1.0000000</defaultgrade>
    <penalty>0.1000000</penalty>
    <hidden>0</hidden>
    <questionvariables>
      <text></text>
    </questionvariables>
    <specificfeedback format="html">
      <text>[[feedback:prt1]]</text>
    </specificfeedback>
    <questionnote>
      <text></text>
    </questionnote>
    <questionsimplify>1</questionsimplify>
    <assumepositive>0</assumepositive>
    <assumereal>0</assumereal>
    <prtcorrect format="html">
      <text>Correct answer, well done.</text>
    </prtcorrect>
    <prtpartiallycorrect format="html">
      <text>Your answer is partially correct.</text>
    </prtpartiallycorrect>
    <prtincorrect format="html">
      <text>Incorrect answer.</text>
    </prtincorrect>
    <multiplicationsign>dot</multiplicationsign>
    <sqrtsign>1</sqrtsign>
    <complexno>i</complexno>
    <inversetrig>cos-1</inversetrig>
    <matrixparens>[</matrixparens>
    <variantsselectionseed></variantsselectionseed>
    <input>
      <name>ans1</name>
      <type>singlechar</type>
      <tans>x</tans>
      <boxsize>15</boxsize>
      <strictsyntax>1</strictsyntax>
      <insertstars>0</insertstars>
      <syntaxhint></syntaxhint>
      <syntaxattribute>0</syntaxattribute>
      <forbidwords></forbidwords>
      <allowwords></allowwords>
      <forbidfloat>1</forbidfloat>
      <requirelowestterms>0</requirelowestterms>
      <checkanswertype>0</checkanswertype>
      <mustverify>1</mustverify>
      <showvalidation>1</showvalidation>
      <options></options>
    </input>
    <prt>
      <name>prt1</name>
      <value>1.0000000</value>
      <autosimplify>1</autosimplify>
      <feedbackvariables>
        <text></text>
      </feedbackvariables>
      <node>
        <name>0</name>
        <answertest>AlgEquiv</answertest>
        <sans>ans1</sans>
        <tans>x</tans>
        <testoptions></testoptions>
        <quiet>0</quiet>
        <truescoremode>=</truescoremode>
        <truescore>1.0000000</truescore>
        <truepenalty></truepenalty>
        <truenextnode>-1</truenextnode>
        <trueanswernote>prt1-1-T</trueanswernote>
        <truefeedback format="html">
          <text></text>
        </truefeedback>
        <falsescoremode>=</falsescoremode>
        <falsescore>0.0000000</falsescore>
        <falsepenalty></falsepenalty>
        <falsenextnode>-1</falsenextnode>
        <falseanswernote>prt1-1-F</falseanswernote>
        <falsefeedback format="html">
          <text></text>
        </falsefeedback>
      </node>
    </prt>
  </question>

<!-- question: 39  -->
  <question type="stack">
    <name>
      <text>Textarea test</text>
    </name>
    <questiontext format="html">
      <text><![CDATA[Dummy maths input:&nbsp; \({@ta@}\).<br>[[input:ans1]] [[validation:ans1]]]]></text>
    </questiontext>
    <generalfeedback format="html">
      <text></text>
    </generalfeedback>
    <defaultgrade>1.0000000</defaultgrade>
    <penalty>0.1000000</penalty>
    <hidden>0</hidden>
    <questionvariables>
      <text>ta:[x=1,x=2]</text>
    </questionvariables>
    <specificfeedback format="html">
      <text><![CDATA[[[feedback:prt1]]&lt;/p&gt;&lt;div&gt;]]></text>
    </specificfeedback>
    <questionnote>
      <text>vendor/bin/phpunit --group qtype_stack</text>
    </questionnote>
    <questionsimplify>1</questionsimplify>
    <assumepositive>0</assumepositive>
    <assumereal>0</assumereal>
    <prtcorrect format="html">
      <text>Correct answer, well done.</text>
    </prtcorrect>
    <prtpartiallycorrect format="html">
      <text>Your answer is partially correct.</text>
    </prtpartiallycorrect>
    <prtincorrect format="html">
      <text>Incorrect answer.</text>
    </prtincorrect>
    <multiplicationsign>dot</multiplicationsign>
    <sqrtsign>1</sqrtsign>
    <complexno>i</complexno>
    <inversetrig>cos-1</inversetrig>
    <matrixparens>[</matrixparens>
    <variantsselectionseed></variantsselectionseed>
    <input>
      <name>ans1</name>
      <type>textarea</type>
      <tans>ta</tans>
      <boxsize>15</boxsize>
      <strictsyntax>1</strictsyntax>
      <insertstars>1</insertstars>
      <syntaxhint></syntaxhint>
      <syntaxattribute>0</syntaxattribute>
      <forbidwords></forbidwords>
      <allowwords></allowwords>
      <forbidfloat>1</forbidfloat>
      <requirelowestterms>0</requirelowestterms>
      <checkanswertype>0</checkanswertype>
      <mustverify>1</mustverify>
      <showvalidation>1</showvalidation>
      <options></options>
    </input>
    <prt>
      <name>prt1</name>
      <value>1.0000000</value>
      <autosimplify>1</autosimplify>
      <feedbackvariables>
        <text></text>
      </feedbackvariables>
      <node>
        <name>0</name>
        <answertest>AlgEquiv</answertest>
        <sans>ans1</sans>
        <tans>ta</tans>
        <testoptions></testoptions>
        <quiet>0</quiet>
        <truescoremode>=</truescoremode>
        <truescore>1.0000000</truescore>
        <truepenalty></truepenalty>
        <truenextnode>-1</truenextnode>
        <trueanswernote>prt1-1-T</trueanswernote>
        <truefeedback format="html">
          <text></text>
        </truefeedback>
        <falsescoremode>=</falsescoremode>
        <falsescore>0.0000000</falsescore>
        <falsepenalty></falsepenalty>
        <falsenextnode>-1</falsenextnode>
        <falseanswernote>prt1-1-F</falseanswernote>
        <falsefeedback format="html">
          <text></text>
        </falsefeedback>
      </node>
    </prt>
  </question>

<!-- question: 40  -->
  <question type="stack">
    <name>
      <text>True/false</text>
    </name>
    <questiontext format="html">
      <text><![CDATA[<p>All generalizations are false: [[input:ans1]] [[validation:ans1]]</p><p><br></p>]]></text>
    </questiontext>
    <generalfeedback format="html">
      <text></text>
    </generalfeedback>
    <defaultgrade>1.0000000</defaultgrade>
    <penalty>0.1000000</penalty>
    <hidden>0</hidden>
    <questionvariables>
      <text></text>
    </questionvariables>
    <specificfeedback format="html">
      <text>[[feedback:prt1]]</text>
    </specificfeedback>
    <questionnote>
      <text></text>
    </questionnote>
    <questionsimplify>1</questionsimplify>
    <assumepositive>0</assumepositive>
    <assumereal>0</assumereal>
    <prtcorrect format="html">
      <text>Correct answer, well done.</text>
    </prtcorrect>
    <prtpartiallycorrect format="html">
      <text>Your answer is partially correct.</text>
    </prtpartiallycorrect>
    <prtincorrect format="html">
      <text>Incorrect answer.</text>
    </prtincorrect>
    <multiplicationsign>dot</multiplicationsign>
    <sqrtsign>1</sqrtsign>
    <complexno>i</complexno>
    <inversetrig>cos-1</inversetrig>
    <matrixparens>[</matrixparens>
    <variantsselectionseed></variantsselectionseed>
    <input>
      <name>ans1</name>
      <type>boolean</type>
      <tans>false</tans>
      <boxsize>15</boxsize>
      <strictsyntax>1</strictsyntax>
      <insertstars>0</insertstars>
      <syntaxhint></syntaxhint>
      <syntaxattribute>0</syntaxattribute>
      <forbidwords></forbidwords>
      <allowwords></allowwords>
      <forbidfloat>1</forbidfloat>
      <requirelowestterms>0</requirelowestterms>
      <checkanswertype>0</checkanswertype>
      <mustverify>1</mustverify>
      <showvalidation>1</showvalidation>
      <options></options>
    </input>
    <prt>
      <name>prt1</name>
      <value>1.0000000</value>
      <autosimplify>1</autosimplify>
      <feedbackvariables>
        <text></text>
      </feedbackvariables>
      <node>
        <name>0</name>
        <answertest>AlgEquiv</answertest>
        <sans>ans1</sans>
        <tans>false</tans>
        <testoptions></testoptions>
        <quiet>0</quiet>
        <truescoremode>=</truescoremode>
        <truescore>0.5000000</truescore>
        <truepenalty></truepenalty>
        <truenextnode>-1</truenextnode>
        <trueanswernote>prt1-1-T</trueanswernote>
        <truefeedback format="html">
          <text><![CDATA[<p>Who knows!</p>]]></text>
        </truefeedback>
        <falsescoremode>=</falsescoremode>
        <falsescore>0.5000000</falsescore>
        <falsepenalty></falsepenalty>
        <falsenextnode>-1</falsenextnode>
        <falseanswernote>prt1-1-F</falseanswernote>
        <falsefeedback format="html">
          <text><![CDATA[<p>Who knows!<br></p>]]></text>
        </falsefeedback>
      </node>
    </prt>
  </question>

<!-- question: 41  -->
  <question type="stack">
    <name>
      <text>Units</text>
    </name>
    <questiontext format="html">
      <text><![CDATA[<p>What is gravity?</p><p>[[input:ans1]]</p><div>[[validation:ans1]]</div>]]></text>
    </questiontext>
    <generalfeedback format="html">
      <text></text>
    </generalfeedback>
    <defaultgrade>1.0000000</defaultgrade>
    <penalty>0.1000000</penalty>
    <hidden>0</hidden>
    <questionvariables>
      <text>ta:9.81*m*s^-2</text>
    </questionvariables>
    <specificfeedback format="html">
      <text>[[feedback:prt1]]</text>
    </specificfeedback>
    <questionnote>
      <text></text>
    </questionnote>
    <questionsimplify>1</questionsimplify>
    <assumepositive>0</assumepositive>
    <assumereal>0</assumereal>
    <prtcorrect format="html">
      <text>Correct answer, well done.</text>
    </prtcorrect>
    <prtpartiallycorrect format="html">
      <text>Your answer is partially correct.</text>
    </prtpartiallycorrect>
    <prtincorrect format="html">
      <text>Incorrect answer.</text>
    </prtincorrect>
    <multiplicationsign>dot</multiplicationsign>
    <sqrtsign>1</sqrtsign>
    <complexno>i</complexno>
    <inversetrig>cos-1</inversetrig>
    <matrixparens>[</matrixparens>
    <variantsselectionseed></variantsselectionseed>
    <input>
      <name>ans1</name>
      <type>units</type>
      <tans>ta</tans>
      <boxsize>15</boxsize>
      <strictsyntax>1</strictsyntax>
      <insertstars>0</insertstars>
      <syntaxhint></syntaxhint>
      <syntaxattribute>0</syntaxattribute>
      <forbidwords></forbidwords>
      <allowwords></allowwords>
      <forbidfloat>1</forbidfloat>
      <requirelowestterms>0</requirelowestterms>
      <checkanswertype>0</checkanswertype>
      <mustverify>1</mustverify>
      <showvalidation>1</showvalidation>
      <options></options>
    </input>
    <prt>
      <name>prt1</name>
      <value>1.0000000</value>
      <autosimplify>1</autosimplify>
      <feedbackvariables>
        <text></text>
      </feedbackvariables>
      <node>
        <name>0</name>
        <answertest>Units</answertest>
        <sans>ans1</sans>
        <tans>ta</tans>
        <testoptions>3</testoptions>
        <quiet>0</quiet>
        <truescoremode>=</truescoremode>
        <truescore>1.0000000</truescore>
        <truepenalty></truepenalty>
        <truenextnode>-1</truenextnode>
        <trueanswernote>prt1-1-T</trueanswernote>
        <truefeedback format="html">
          <text></text>
        </truefeedback>
        <falsescoremode>=</falsescoremode>
        <falsescore>0.0000000</falsescore>
        <falsepenalty></falsepenalty>
        <falsenextnode>-1</falsenextnode>
        <falseanswernote>prt1-1-F</falseanswernote>
        <falsefeedback format="html">
          <text></text>
        </falsefeedback>
      </node>
    </prt>
  </question>

</quiz>